{"DoubleCheckEssays/others/THXforNothing.docx": [40, 25, 23, 29.047619047619047], "DoubleCheckEssays/Fall 2013/DameRagnellSGGK.docx": [34, 18, 45, 30.627118644067796], "DoubleCheckEssays/Spring 2013/ENGLMidtermPsychoanalysis.docx": [8, 7, 10, 29.0], "DoubleCheckEssays/Fall 2012/CloseReadingAssignment3.docx": [22, 8, 10, 28.463414634146343], "DoubleCheckEssays/Fall 2013/ExistentialModernFiction.docx": [28, 19, 15, 32.244897959183675], "DoubleCheckEssays/Spring 2013/ENGLMidtermStructuralism2.0.docx": [12, 6, 6, 31.928571428571427], "DoubleCheckEssays/Spring 2013/FrankensteinTheHazardsofScience.docx": [17, 12, 10, 30.317073170731707], "DoubleCheckEssays/Summer 2014/HW4_ Heathens n' Saracens.docx": [7, 3, 24, 31.066666666666666], "DoubleCheckEssays/Spring 2013/YamatoBadassOGPrince.docx": [9, 8, 13, 30.1], "DoubleCheckEssays/others/NeilGaiman2.doc.docx": [13, 9, 40, 22.93846153846154], "DoubleCheckEssays/Spring 2013/KibyoshinShit.docx": [6, 12, 25, 34.111111111111114], "DoubleCheckEssays/Summer 2014/HW2_ Shields n' Girdles.docx": [5, 9, 10, 32.19047619047619], "DoubleCheckEssays/Spring 2013/ENGLMidtermFeminism.docx": [17, 9, 5, 26.347826086956523], "DoubleCheckEssays/Spring 2013/Position Paper #3_ Murdering Dad_ Not A Big Deal.docx": [5, 6, 2, 28.705882352941178], "DoubleCheckEssays/Spring 2014/ResponsePaper6.docx": [29, 22, 14, 36.0], "DoubleCheckEssays/Spring 2013/ENGLFinal.docx": [15, 14, 10, 27.25581395348837], "DoubleCheckEssays/Spring 2014/BensMidterm.docx": [23, 15, 29, 34.80487804878049], "DoubleCheckEssays/Summer 2014/HW6_ Irony n' Irony.docx": [9, 5, 17, 32.4375], "DoubleCheckEssays/Spring 2013/Position Paper #5_ Interpellation, Interpolating.docx": [8, 4, 10, 35.27777777777778], "DoubleCheckEssays/Spring 2013/TheWorldofTalesofTimesNowPast.docx": [11, 13, 16, 33.611111111111114], "DoubleCheckEssays/Summer 2014/HW5_ Blood n' shit.docx": [10, 13, 11, 34.8], "DoubleCheckEssays/Fall 2012/ExistentialismEmbracingtheUnknownv2.docx": [32, 13, 29, 26.383561643835616], "DoubleCheckEssays/Summer 2014/HW3_ Cups n' Bitches.docx": [6, 5, 5, 34.0], "DoubleCheckEssays/Summer 2014/Conversions.docx": [16, 15, 77, 36.27777777777778], "DoubleCheckEssays/Fall 2013/SuperFolkloreFinalPartI.docx": [27, 25, 28, 28.103448275862068], "DoubleCheckEssays/Spring 2013/Position Paper #2_ Black Holes, Watches, and Keystones.docx": [7, 10, 1, 24.48148148148148], "DoubleCheckEssays/Fall 2013/BoethusConsolationofPhilosophy.docx": [31, 21, 11, 31.614285714285714], "DoubleCheckEssays/Spring 2013/ENGLMidtermFeminism2.0.docx": [14, 15, 22, 30.2], "DoubleCheckEssays/others/CSCI2270ColloquiumWriteup.docx": [19, 22, 18, 29.169811320754718], "DoubleCheckEssays/others/Journal2BladeRunnermyAss.docx": [4, 4, 7, 35.18181818181818], "DoubleCheckEssays/Spring 2013/ENGLMidtermDeconstruction.docx": [5, 4, 3, 26.347826086956523], "DoubleCheckEssays/Spring 2013/TheWallJumper.docx": [20, 19, 9, 29.135593220338983], "DoubleCheckEssays/Spring 2013/Position Paper #1_ Structuralism.docx": [4, 8, 8, 26.73913043478261], "DoubleCheckEssays/others/Utopia.docx": [10, 2, 8, 23.0625], "DoubleCheckEssays/Spring 2013/KokinshuShinkokinshu.docx": [10, 9, 16, 29.952380952380953], "DoubleCheckEssays/Fall 2013/SuperFolkloreFinalII.docx": [46, 41, 49, 31.16176470588235], "DoubleCheckEssays/Spring 2014/ResponsePaper3.docx": [15, 13, 18, 36.88], "DoubleCheckEssays/Spring 2014/ResponsePaper2.docx": [13, 15, 9, 35.46153846153846], "DoubleCheckEssays/Spring 2016/Satire_Humor_on_the_Offense.docx": [14, 20, 11, 31.772727272727273], "DoubleCheckEssays/Spring 2014/ResponsePaper1.docx": [11, 14, 10, 33.08695652173913], "DoubleCheckEssays/Fall 2013/SirLanvalandLaunfal.docx": [31, 23, 71, 29.5], "DoubleCheckEssays/Summer 2014/AResponsetoRepondeurs.docx": [8, 4, 13, 31.0], "DoubleCheckEssays/Summer 2014/SecondaryEducationAbstract.docx": [8, 5, 3, 34.22222222222222], "DoubleCheckEssays/Summer 2014/Beowulf and Judith.docx": [11, 5, 20, 38.351351351351354], "DoubleCheckEssays/Spring 2013/AllQuietontheWesternFront.docx": [16, 14, 10, 29.125], "DoubleCheckEssays/Summer 2014/Sir Gawain the Great.docx": [22, 9, 30, 35.11666666666667], "DoubleCheckEssays/Summer 2014/ResponsetoCubanCigars.docx": [8, 4, 10, 35.333333333333336], "DoubleCheckEssays/others/DystopiaFinalGOGS.docx": [22, 6, 42, 13.217054263565892], "DoubleCheckEssays/Fall 2013/Metafiction.docx": [34, 8, 37, 27.228571428571428], "DoubleCheckEssays/others/Journal1UtopiaMyAss.docx": [9, 11, 3, 39.583333333333336], "DoubleCheckEssays/Fall 2013/StealthisPaper.docx": [32, 25, 37, 17.165354330708663], "DoubleCheckEssays/Fall 2012/TwelgthNightLoveandDesire.docx": [6, 11, 40, 25.244897959183675], "DoubleCheckEssays/Summer 2014/HW1_ Treasures n' Hoards.docx": [4, 2, 4, 27.875], "DoubleCheckEssays/others/Journal3NeverLetGoofmyass.docx": [9, 8, 3, 36.111111111111114], "DoubleCheckEssays/Fall 2012/PhilosophyTermPaperClassicalUtilitarianismandJustDesserts.docx": [22, 13, 8, 22.392156862745097], "DoubleCheckEssays/Spring 2014/ResponsePaper5.docx": [22, 11, 29, 31.746031746031747], "DoubleCheckEssays/Spring 2013/LaFrontera.docx": [3, 0, 7, 25.733333333333334], "DoubleCheckEssays/Spring 2013/Isolation.docx": [12, 8, 21, 27.727272727272727]}